ID,PerformanceRatings,SalaryIncrease,EquityIncrease,TotalCompIncrease,CompaRatioBefore,CompaRatioAfter
ID83,3,0.038,0,0.038,0.928,0.964
ID484,4,0.075,0.222,0.131,0.921,0.99
ID362,5,0.05,0.347,0.137,0.947,0.995
ID258,2,0,0,0,1.066,1.066
ID116,3,0.057,0,0.057,1.003,1.061
ID899,5,0.058,0.202,0.109,0.987,1.044
ID59,3,0.066,0,0.066,0.858,0.914
ID588,5,0.081,0,0.081,0.916,0.99
ID104,3,0.055,0,0.055,1.02,1.076
ID918,5,0.066,0.16,0.105,1.109,1.182
ID115,2,0,0,0,0.835,0.835
ID189,2,0,0,0,1.084,1.084
ID99,4,0.066,0.188,0.113,0.987,1.052
ID521,3,0.033,0.228,0.09,1.039,1.073
ID33,3,0,0.284,0.071,0.944,0.944
ID964,2,0,0.081,0.02,0.807,0.807
ID991,5,0.071,0.331,0.154,1.066,1.142
ID337,5,0.082,0.164,0.123,1.133,1.225
ID27,3,0.045,0.114,0.073,1.2,1.253
ID428,3,0.042,0.103,0.068,1.101,1.147
ID505,3,0.054,0,0.054,1.085,1.144
ID757,3,0,0,0,1.002,1.002
ID765,1,0,0,0,0.919,0.919
ID563,5,0.077,0.207,0.128,0.844,0.909
ID204,3,0.054,0.158,0.093,1.084,1.143
ID80,3,0.068,0.045,0.079,1.066,1.138
ID852,3,0.049,0,0.049,0.917,0.962
ID502,5,0.101,0.228,0.158,0.808,0.89
ID357,3,0.059,0.273,0.127,1.1,1.165
ID412,3,0.05,0.154,0.089,1.024,1.075
ID242,3,0.063,0.211,0.116,0.981,1.043
ID331,3,0.058,0.115,0.087,0.924,0.977
ID594,3,0.058,0.197,0.107,0.813,0.861
ID483,5,0.087,0.482,0.208,1.041,1.131
ID472,3,0.026,0.205,0.077,1.2,1.231
ID704,3,0.049,0,0.049,1.115,1.169
ID501,3,0.051,0.399,0.151,1.18,1.24
ID378,3,0.057,0.228,0.114,0.913,0.965
ID515,3,0.043,0.417,0.148,1.2,1.252
ID414,4,0.097,0.121,0.127,0.956,1.048
ID78,2,0,0,0,0.908,0.908
ID487,2,0,0,0,0.93,0.93
ID253,3,0.053,0.354,0.141,0.958,1.009
ID329,1,0,0,0,1.137,1.137
ID403,3,0.061,0,0.061,0.788,0.836
ID647,4,0.058,0.315,0.136,0.972,1.028
ID326,4,0.076,0.1,0.101,1.158,1.246
ID931,5,0.065,0.464,0.181,0.968,1.031
ID941,3,0.057,0.115,0.086,0.876,0.926
ID82,4,0.06,0.161,0.1,1.01,1.071
ID544,3,0.049,0.101,0.075,0.987,1.036
ID309,3,0.058,0,0.058,0.941,0.995
ID355,5,0.064,0.287,0.136,0.871,0.927
ID307,3,0.047,0.076,0.066,0.822,0.86
ID816,3,0.047,0.286,0.118,0.85,0.89
ID550,3,0.049,0.143,0.085,0.969,1.017
ID598,3,0.04,0.034,0.048,1.031,1.072
ID77,3,0.065,0,0.065,0.981,1.045
ID489,5,0.064,0.1,0.089,0.962,1.024
ID706,5,0.079,0.28,0.149,0.895,0.966
ID659,3,0.055,0.266,0.121,0.903,0.952
ID714,4,0.083,0.1,0.108,0.908,0.983
ID759,3,0.038,0.217,0.092,1.041,1.08
ID807,3,0.052,0,0.052,1.114,1.172
ID400,2,0,0,0,1.04,1.04
ID590,4,0,0.434,0.108,1.12,1.12
ID473,2,0,0,0,1.036,1.036
ID549,2,0,0,0,0.912,0.912
ID848,4,0.069,0.274,0.138,0.971,1.038
ID279,3,0.063,0.162,0.104,1.095,1.165
ID821,3,0.048,0.363,0.138,0.779,0.816
ID884,3,0.046,0,0.046,0.746,0.8
ID648,3,0.05,0.155,0.088,1.006,1.056
ID291,4,0.083,0.459,0.197,1.2,1.299
ID896,3,0.039,0.07,0.057,1.094,1.137
ID624,3,0,0,0,1.07,1.07
ID686,5,0.083,0.431,0.191,1.017,1.101
ID712,4,0.073,0.308,0.15,1.15,1.234
ID40,3,0.048,0,0.048,0.961,1.007
ID268,3,0.069,0.13,0.102,0.876,0.936
ID954,5,0.051,0.288,0.123,1.029,1.082
ID196,3,0.048,0.233,0.106,1.169,1.225
ID874,3,0.048,0.052,0.06,0.852,0.893
ID669,3,0.06,0,0.06,1.2,1.271
ID151,3,0.045,0.245,0.106,1.08,1.129
ID976,3,0.055,0.361,0.145,1.032,1.089
ID475,3,0.051,0.2,0.101,0.877,0.922
ID38,4,0.079,0.425,0.185,0.994,1.072
ID91,4,0,0.251,0.063,0.946,0.946
ID113,3,0.047,0.209,0.099,1.016,1.064
ID138,4,0.071,0,0.071,0.783,0.838
ID760,4,0.093,0.1,0.118,0.72,0.8
ID383,3,0.055,0.172,0.098,0.978,1.031
ID920,3,0.059,0.272,0.127,1.079,1.142
ID125,2,0,0,0,1.067,1.067
ID310,2,0,0,0,1.112,1.112
ID801,3,0.049,0.135,0.083,0.874,0.917
ID713,4,0.061,0.2,0.111,0.958,1.016
ID638,5,0.095,0.441,0.205,1.139,1.248
ID708,5,0.08,0.223,0.136,0.986,1.065
ID351,3,0.063,0.316,0.142,1.136,1.207
ID813,3,0.04,0,0.04,0.856,0.891
ID4,3,0.04,0.072,0.058,1.008,1.048
ID845,5,0.083,0.138,0.117,1.099,1.189
ID569,5,0.096,0.232,0.154,1.028,1.127
ID802,2,0,0,0,1.143,1.143
ID251,3,0.047,0.236,0.106,0.917,0.96
ID729,3,0.031,0.254,0.095,1.09,1.124
ID168,5,0.098,0.302,0.174,0.914,1.004
ID304,1,0,0,0,0.896,0.896
ID779,3,0.03,0.246,0.092,1.128,1.162
ID317,3,0.058,0.131,0.091,0.762,0.806
ID916,3,0.052,0,0.052,1.026,1.08
ID955,3,0.05,0.125,0.081,1.089,1.143
ID593,2,0,0,0,1.002,1.002
ID970,5,0.074,0.271,0.141,0.797,0.856
ID627,2,0,0,0,1.042,1.042
ID385,3,0.049,0,0.049,0.913,0.958
ID697,4,0.089,0.159,0.129,0.826,0.9
ID381,3,0.047,0,0.047,1.155,1.21
ID178,3,0.041,0,0.041,1.018,1.06
ID961,4,0.078,0,0.078,0.948,1.022
ID152,2,0,0,0,0.95,0.95
ID520,2,0.002,0,0.002,0.842,0.844
ID839,3,0.053,0,0.053,1.2,1.264
ID87,2,0.003,0,0.003,0.731,0.8
ID203,3,0.067,0,0.067,0.983,1.049
ID421,3,0.054,0.15,0.091,1.053,1.11
ID120,3,0.073,0.269,0.141,1.119,1.201
ID170,3,0.038,0.067,0.054,1.062,1.102
ID568,4,0.094,0.504,0.22,0.994,1.087
ID100,4,0.075,0.336,0.159,1.041,1.119
ID531,4,0.066,0.321,0.146,0.87,0.927
ID574,2,0.005,0,0.005,0.986,0.992
ID321,3,0.047,0,0.047,1.2,1.256
ID873,3,0.048,0.19,0.095,0.917,0.961
ID254,4,0.093,0.26,0.158,0.983,1.075
ID943,5,0.074,0.186,0.12,1.034,1.11
ID796,3,0.068,0.223,0.124,0.995,1.062
ID305,3,0.054,0,0.054,0.944,0.995
ID536,3,0.051,0,0.051,0.731,0.8
ID509,5,0.067,0.414,0.17,1.096,1.17
ID22,3,0.062,0.335,0.146,0.975,1.035
ID836,5,0.073,0.332,0.156,0.969,1.04
ID233,1,0,0,0,1.068,1.068
ID84,3,0.042,0,0.042,1.082,1.128
ID710,3,0.03,0.158,0.07,1.111,1.145
ID825,3,0.052,0.263,0.117,0.898,0.944
ID674,5,0.072,0.194,0.12,0.94,1.007
ID790,3,0.05,0.12,0.08,0.968,1.017
ID455,4,0.097,0.226,0.154,0.95,1.043
ID981,3,0.051,0.101,0.076,1.044,1.097
ID928,5,0.072,0.517,0.202,0.96,1.03
ID937,3,0.045,0.203,0.096,0.7,0.8
ID902,5,0.092,0.172,0.135,1.045,1.141
ID295,3,0.06,0.192,0.108,0.976,1.035
ID94,3,0.046,0,0.046,0.909,0.951
ID762,3,0.048,0.153,0.086,0.826,0.865
ID994,3,0.05,0.209,0.102,1.079,1.133
ID774,3,0.039,0.196,0.088,0.842,0.875
ID72,2,0,0,0,1.136,1.136
ID914,3,0.038,0.196,0.087,0.88,0.913
ID16,4,0.075,0.48,0.195,0.786,0.845
ID286,3,0.046,0.317,0.125,0.897,0.938
ID662,5,0.109,0.208,0.161,0.907,1.006
ID54,3,0.059,0.229,0.117,0.933,0.988
ID397,3,0.043,0,0.043,1.021,1.065
ID402,3,0.029,0,0.029,0.894,0.92
ID735,3,0.036,0.178,0.081,0.991,1.027
ID656,3,0,0.343,0.086,0.889,0.889
ID127,4,0.075,0.147,0.112,0.857,0.922
ID171,3,0.048,0.368,0.14,1.089,1.142
ID405,3,0.038,0.057,0.053,0.833,0.865
ID131,3,0.058,0.266,0.125,0.906,0.959
ID917,4,0.066,0.304,0.142,1.104,1.177
ID875,3,0.056,0.24,0.116,0.973,1.028
ID982,3,0.057,0.164,0.098,0.959,1.014
ID422,2,0,0,0,1.051,1.051
ID252,4,0.09,0.308,0.167,0.889,0.969
ID117,4,0.075,0.22,0.13,0.7,0.8
ID756,2,0,0,0,1.072,1.072
ID174,2,0,0,0,1.139,1.139
ID623,3,0.041,0,0.041,1.054,1.097
ID340,4,0.059,0.403,0.16,0.952,1.008
ID243,3,0.045,0.125,0.076,1.074,1.122
ID886,3,0,0.305,0.076,0.994,0.994
ID334,5,0.078,0.203,0.129,1.114,1.201
ID371,3,0.041,0.228,0.098,1.031,1.073
ID199,1,0,0,0,1.078,1.078
ID666,1,0,0,0,0.87,0.87
ID468,4,0.076,0.241,0.136,0.878,0.945
ID354,3,0.049,0.314,0.128,1.059,1.111
ID881,5,0.071,0.239,0.13,0.968,1.037
ID246,3,0.075,0.113,0.103,1.068,1.148
ID180,3,0.049,0,0.049,0.987,1.036
ID220,3,0.049,0.218,0.104,0.754,0.8
ID869,3,0.041,0.092,0.064,1.2,1.25
ID788,1,0,0,0,0.911,0.911
ID480,3,0.046,0.196,0.095,0.743,0.8
ID75,4,0.074,0.234,0.132,1.2,1.288
ID110,3,0.056,0.212,0.109,0.808,0.853
ID539,4,0.093,0.206,0.145,0.898,0.982
ID267,3,0.05,0.126,0.081,1.025,1.076
ID930,3,0.061,0,0.061,0.949,1.006
ID119,3,0.039,0.106,0.065,1.097,1.14
ID145,4,0.086,0.375,0.18,0.875,0.951
ID478,3,0,0.218,0.055,0.914,0.914
ID312,2,0,0,0,0.794,0.794
ID64,4,0.079,0.221,0.135,0.905,0.977
ID223,3,0.039,0.413,0.142,0.982,1.02
ID20,3,0.047,0,0.047,0.944,0.988
ID21,4,0.075,0.352,0.163,0.731,0.8
ID187,5,0.082,0,0.082,0.834,0.903
ID975,1,0,0,0,0.968,0.968
ID507,3,0.047,0,0.047,0.728,0.8
ID29,2,0,0,0,1.166,1.166
ID866,1,0,0,0,1.013,1.013
ID645,3,0.068,0.174,0.111,1.028,1.098
ID316,4,0.085,0.177,0.129,1.12,1.215
ID973,3,0,0.205,0.051,0.83,0.83
ID462,2,0,0.075,0.019,0.864,0.864
ID373,3,0.042,0.189,0.09,1.132,1.18
ID912,5,0.066,0.233,0.124,0.995,1.061
ID681,4,0.071,0,0.071,0.933,0.999
ID224,3,0.041,0.11,0.069,0.893,0.93
ID433,1,0,0,0,1.032,1.032
ID998,2,0,0,0,0.98,0.98
ID649,3,0.044,0,0.044,0.963,1.005
ID840,2,0.015,0,0.015,1.056,1.072
ID887,4,0.061,0.245,0.122,0.998,1.059
ID129,4,0.058,0.37,0.15,0.899,0.95
ID819,3,0.055,0.047,0.066,1.092,1.151
ID55,5,0.07,0.202,0.121,0.821,0.879
ID159,2,0,0.089,0.022,0.893,0.893
ID640,2,0,0,0,0.879,0.879
ID936,5,0.099,0.396,0.198,0.769,0.845
ID841,3,0.024,0.362,0.114,0.883,0.905
ID861,3,0.04,0.13,0.073,1.125,1.171
ID862,3,0.05,0.059,0.065,0.964,1.012
ID467,3,0.047,0,0.047,1.109,1.161
ID458,3,0.053,0.435,0.161,0.881,0.927
ID32,3,0.061,0,0.061,1.177,1.249
ID717,3,0.04,0.24,0.1,0.869,0.904
ID619,3,0.053,0.379,0.148,1.069,1.125
ID913,4,0.084,0.319,0.164,0.879,0.953
ID156,5,0.056,0.403,0.157,0.839,0.887
ID990,3,0.045,0.235,0.104,1.2,1.254
ID566,3,0.069,0.284,0.14,0.96,1.027
ID944,4,0.062,0.1,0.087,1.122,1.192
ID622,3,0.032,0.258,0.097,0.933,0.964
ID829,3,0.034,0,0.034,0.822,0.85
ID557,3,0.034,0.032,0.042,0.997,1.03
ID209,3,0.056,0.222,0.111,0.991,1.046
ID153,3,0.028,0.23,0.085,1.085,1.116
ID410,2,0,0,0,0.874,0.874
ID770,3,0.055,0.233,0.113,1.2,1.266
ID831,3,0.041,0.254,0.105,0.94,0.979
ID481,3,0.061,0,0.061,1.013,1.075
ID375,2,0,0,0,1.076,1.076
ID602,2,0,0,0,0.721,0.721
ID671,5,0.059,0.305,0.136,0.987,1.046
ID498,3,0.053,0.048,0.065,0.743,0.8
ID416,3,0.039,0,0.039,1.071,1.113
ID827,5,0.079,0.306,0.156,1.032,1.114
ID832,3,0.06,0.094,0.083,0.986,1.045
ID859,3,0.057,0,0.057,0.961,1.016
ID857,4,0.069,0.394,0.168,0.889,0.951
ID315,4,0.103,0.53,0.235,1.027,1.133
ID794,3,0.065,0,0.065,0.796,0.848
ID413,3,0.055,0.206,0.107,1.048,1.106
ID987,3,0.037,0.301,0.113,0.862,0.894
ID610,5,0.085,0.328,0.167,1.081,1.173
ID600,3,0.059,0.17,0.101,0.924,0.979
ID745,1,0,0,0,0.855,0.855
ID311,3,0.052,0,0.052,0.957,1.006
ID245,3,0.042,0.119,0.072,1.014,1.056
ID604,3,0.056,0.281,0.126,0.907,0.957
ID924,5,0.067,0.215,0.12,0.946,1.01
ID164,2,0,0,0,1.036,1.036
ID644,3,0.052,0,0.052,1.03,1.084
ID511,4,0.098,0,0.098,0.932,1.024
ID817,5,0.083,0.263,0.149,0.988,1.071
ID229,3,0.041,0.319,0.121,0.796,0.829
ID86,3,0.056,0.365,0.147,0.906,0.957
ID200,3,0.031,0.191,0.079,0.994,1.025
ID578,5,0.102,0,0.102,0.946,1.042
ID677,3,0.064,0.167,0.106,1.105,1.176
ID761,4,0.077,0.42,0.182,1.166,1.256
ID162,2,0,0,0,0.991,0.991
ID755,2,0,0,0,0.952,0.952
ID148,3,0.052,0,0.052,0.989,1.04
ID188,3,0,0.099,0.025,0.99,0.99
ID408,2,0.011,0,0.011,1.032,1.043
ID68,3,0.064,0.215,0.118,0.925,0.984
ID299,3,0.035,0,0.035,0.965,0.999
ID577,3,0,0.119,0.03,0.955,0.955
ID205,3,0.063,0.175,0.106,0.834,0.886
ID984,3,0.057,0.247,0.119,0.917,0.969
ID804,3,0.054,0.134,0.087,0.952,1.004
ID786,3,0.066,0.116,0.095,0.886,0.944
ID787,3,0.047,0.095,0.071,1.2,1.257
ID980,3,0.053,0.307,0.13,0.984,1.036
ID284,5,0.085,0.342,0.17,1.098,1.191
ID227,4,0.081,0.33,0.163,0.979,1.058
ID658,3,0.051,0.295,0.125,1.077,1.132
ID278,2,0,0,0,0.892,0.892
ID632,4,0.065,0.361,0.156,1.068,1.137
ID877,2,0,0,0,0.862,0.862
ID650,5,0.085,0.422,0.19,0.879,0.954
ID133,3,0.051,0,0.051,1.068,1.122
ID429,1,0,0,0,0.953,0.953
ID442,3,0.058,0.151,0.095,1.119,1.184
ID768,5,0.077,0,0.077,0.984,1.06
ID391,3,0.049,0.118,0.078,0.778,0.816
ID25,2,0,0,0,1.062,1.062
ID213,2,0,0.067,0.017,1.069,1.069
ID879,3,0.04,0.163,0.081,1.021,1.062
ID60,3,0.059,0.222,0.114,1.094,1.158
ID175,3,0.046,0,0.046,0.972,1.016
ID249,3,0.062,0.183,0.108,0.885,0.94
ID860,3,0.032,0,0.032,1.089,1.123
ID418,5,0.089,0.319,0.169,1.049,1.143
ID705,5,0.093,0.37,0.185,1.068,1.167
ID6,4,0.067,0.317,0.147,0.743,0.8
ID737,5,0.098,0.341,0.183,1.07,1.175
ID231,4,0.11,0.536,0.244,1.137,1.262
ID62,3,0.053,0.191,0.101,0.988,1.041
ID738,5,0.088,0.322,0.168,1.083,1.177
ID582,3,0.026,0.282,0.096,1.099,1.127
ID339,3,0.034,0.138,0.069,1.058,1.095
ID957,2,0,0,0,0.886,0.886
ID197,1,0,0,0,1.073,1.073
ID636,3,0.048,0,0.048,0.83,0.87
ID583,3,0.045,0.252,0.108,0.943,0.985
ID688,3,0.043,0,0.043,0.901,0.94
ID533,4,0.071,0.269,0.138,0.933,0.999
ID277,2,0,0,0,1.086,1.086
ID885,5,0.071,0.1,0.096,1.047,1.121
ID444,3,0.049,0.277,0.118,0.968,1.015
ID543,5,0.082,0.494,0.206,0.798,0.864
ID214,3,0.048,0.344,0.134,0.984,1.031
ID692,3,0.054,0,0.054,0.963,1.015
ID670,2,0,0.126,0.031,0.845,0.845
ID838,4,0.078,0.204,0.129,0.871,0.939
ID584,5,0.066,0.191,0.114,0.999,1.065
ID389,2,0,0,0,0.904,0.904
ID572,3,0.042,0.337,0.127,0.882,0.92
ID847,3,0.061,0.11,0.088,0.887,0.941
ID923,4,0.087,0.34,0.172,0.824,0.895
ID166,3,0.054,0.193,0.102,0.98,1.032
ID764,3,0.038,0,0.038,0.848,0.88
ID911,4,0.067,0,0.067,1.024,1.093
ID915,3,0.059,0.366,0.15,0.908,0.961
ID702,3,0.06,0,0.06,0.997,1.056
ID275,2,0,0,0,1.104,1.104
ID492,3,0.031,0.376,0.125,1.147,1.183
ID395,2,0,0,0,0.7,0.7
ID732,3,0.038,0.134,0.071,1.167,1.211
ID50,2,0,0,0,0.991,0.991
ID52,2,0,0,0,0.98,0.98
ID350,3,0.032,0.126,0.063,0.954,0.984
ID562,4,0.083,0.212,0.136,0.906,0.981
ID366,2,0,0,0,0.987,0.987
ID282,1,0,0,0,0.825,0.825
ID65,3,0.065,0.212,0.118,1.189,1.266
ID876,5,0.085,0.259,0.15,0.969,1.051
ID695,4,0.076,0.137,0.11,0.874,0.94
ID616,3,0.059,0.024,0.065,1.044,1.105
ID490,3,0.046,0.151,0.084,0.87,0.91
ID124,3,0.054,0,0.054,0.963,1.016
ID752,2,0,0,0,0.963,0.963
ID612,4,0.094,0.501,0.22,0.881,0.964
ID953,3,0.061,0,0.061,1.088,1.155
ID106,2,0,0,0,0.865,0.865
ID36,3,0.05,0.274,0.119,1.008,1.059
ID972,3,0.057,0.238,0.117,1.066,1.127
ID642,2,0,0,0,0.823,0.823
ID192,3,0.05,0.265,0.117,1.183,1.242
ID571,3,0.046,0,0.046,0.834,0.873
ID664,3,0.061,0.281,0.131,1.085,1.151
ID672,5,0.071,0,0.071,1.021,1.093
ID758,2,0,0,0,0.933,0.933
ID900,3,0.069,0.082,0.089,0.788,0.843
ID506,3,0.055,0,0.055,1.05,1.107
ID517,3,0.035,0.279,0.105,1.174,1.216
ID763,4,0.068,0,0.068,1.057,1.129
ID443,5,0.09,0.716,0.269,0.868,0.946
ID780,4,0.068,0.1,0.093,0.7,0.8
ID665,3,0.044,0.096,0.068,0.845,0.882
ID26,2,0,0,0,0.7,0.7
ID239,3,0.046,0.071,0.064,1.053,1.101
ID95,5,0.074,0.31,0.152,1.014,1.09
ID742,3,0.04,0.042,0.051,0.924,0.961
ID724,5,0.067,0,0.067,1.088,1.161
ID394,1,0,0,0,1.113,1.113
ID377,3,0.054,0.285,0.126,0.922,0.972
ID228,3,0.048,0,0.048,0.961,1.007
ID528,3,0.028,0.228,0.085,0.949,0.976
ID493,3,0.066,0.232,0.124,1.005,1.071
ID343,4,0.091,0.307,0.168,0.932,1.017
ID202,4,0.064,0.486,0.185,0.974,1.036
ID643,3,0.059,0.412,0.162,1.121,1.187
ID434,4,0.1,0.403,0.201,0.862,0.949
ID895,2,0,0.146,0.037,0.929,0.929
ID328,1,0,0,0,0.88,0.88
ID419,3,0.056,0,0.056,0.952,1.005
ID963,5,0.082,0.22,0.137,1.161,1.257
ID431,4,0.079,0.304,0.155,0.937,1.011
ID559,3,0.05,0,0.05,0.807,0.847
ID210,3,0.056,0,0.056,1.003,1.059
ID967,5,0.063,0.385,0.159,0.992,1.054
ID182,4,0.08,0.1,0.105,1.014,1.095
ID711,1,0,0,0,1.034,1.034
ID631,2,0,0.051,0.013,0.965,0.965
ID15,5,0.064,0.308,0.142,1.2,1.277
ID942,3,0.062,0.153,0.1,1.035,1.1
ID364,4,0.068,0,0.068,0.991,1.058
ID586,4,0.076,0.287,0.148,0.997,1.073
ID338,4,0.092,0.472,0.21,0.981,1.071
ID313,3,0.058,0.297,0.132,0.893,0.944
ID247,4,0.065,0.374,0.158,0.904,0.962
ID719,5,0.087,0,0.087,0.995,1.081
ID950,5,0.073,0.208,0.125,0.972,1.043
ID241,3,0.041,0.093,0.064,0.999,1.039
ID846,5,0.08,0.422,0.186,1.081,1.167
ID137,3,0.071,0.224,0.127,0.789,0.845
ID776,2,0,0,0,1.03,1.03
ID597,3,0.061,0.005,0.062,1.165,1.236
ID864,3,0.043,0.105,0.07,1.006,1.05
ID118,3,0.055,0.125,0.086,0.995,1.05
ID633,2,0,0,0,0.942,0.942
ID452,3,0.046,0.264,0.112,1.042,1.09
ID288,3,0.05,0.143,0.086,0.934,0.981
ID96,2,0,0.191,0.048,1.101,1.101
ID387,3,0.043,0.192,0.091,0.995,1.038
ID491,3,0.053,0.184,0.099,1.136,1.197
ID725,3,0.026,0.237,0.086,0.985,1.011
ID789,3,0.051,0.161,0.091,0.978,1.027
ID629,3,0.032,0.075,0.051,0.928,0.958
ID372,1,0,0,0,1.097,1.097
ID347,3,0.041,0.173,0.084,0.831,0.865
ID479,5,0.067,0.137,0.102,0.891,0.951
ID221,5,0.071,0.457,0.186,0.968,1.037
ID585,3,0.052,0.394,0.151,0.924,0.972
ID306,3,0.048,0.386,0.144,0.941,0.986
ID949,3,0.054,0,0.054,0.866,0.913
ID348,4,0.088,0.587,0.235,0.816,0.888
ID812,3,0.055,0.273,0.123,1.16,1.224
ID985,5,0.105,0.482,0.225,1.02,1.127
ID184,1,0,0,0,0.969,0.969
ID2,3,0.044,0.243,0.104,0.935,0.976
ID324,3,0,0.222,0.056,0.861,0.861
ID39,2,0,0.125,0.031,0.99,0.99
ID667,2,0,0,0,0.956,0.956
ID17,2,0,0,0,1.111,1.111
ID564,3,0.039,0.155,0.077,0.848,0.881
ID653,3,0.037,0.43,0.144,1.009,1.046
ID367,4,0.087,0.443,0.197,1.151,1.251
ID176,4,0.077,0.34,0.162,0.916,0.987
ID946,3,0.05,0.218,0.105,1.171,1.23
ID945,5,0.077,0.228,0.134,0.907,0.977
ID477,3,0.058,0.123,0.089,0.908,0.96
ID5,3,0.056,0.119,0.086,1.013,1.069
ID800,3,0.049,0.098,0.073,0.982,1.03
ID996,4,0.09,0.239,0.15,0.978,1.066
ID773,3,0.047,0.264,0.113,1.015,1.063
ID28,5,0.06,0.18,0.105,0.878,0.93
ID906,3,0.06,0.211,0.112,1.082,1.147
ID369,2,0,0,0,1.124,1.124
ID45,3,0.06,0.171,0.103,1.13,1.199
ID553,5,0.076,0.116,0.105,0.725,0.8
ID281,3,0.045,0.319,0.125,1.041,1.087
ID485,3,0,0,0,0.879,0.879
ID538,4,0.072,0.115,0.101,1.2,1.287
ID92,4,0.078,0.309,0.156,1.048,1.131
ID867,3,0.025,0.243,0.085,0.948,0.971
ID301,3,0.025,0.286,0.097,0.863,0.885
ID682,5,0.086,0.1,0.111,1.184,1.286
ID496,3,0.052,0.052,0.065,1.057,1.112
ID620,5,0.099,0.314,0.178,0.862,0.947
ID14,3,0.05,0,0.05,0.977,1.026
ID121,2,0,0,0,0.946,0.946
ID404,3,0.056,0.242,0.116,0.946,0.999
ID8,3,0.054,0.172,0.097,0.933,0.982
ID910,5,0.096,0.15,0.133,0.801,0.877
ID890,2,0,0,0,1.134,1.134
ID561,3,0.066,0,0.066,0.779,0.831
ID135,3,0.058,0.198,0.107,0.936,0.99
ID673,3,0.054,0.142,0.089,1.138,1.199
ID750,3,0.048,0.224,0.104,0.772,0.809
ID109,3,0,0.17,0.042,0.845,0.845
ID206,3,0.047,0.167,0.089,0.806,0.844
ID814,3,0.056,0,0.056,1.015,1.072
ID883,2,0,0,0,1.016,1.016
ID446,5,0.065,0.303,0.141,0.86,0.915
ID44,3,0.047,0,0.047,0.975,1.02
ID730,3,0.063,0.208,0.115,0.892,0.948
ID34,2,0,0.173,0.043,1.109,1.109
ID136,2,0,0.146,0.036,1.009,1.009
ID657,3,0.063,0.307,0.14,1.087,1.155
ID500,4,0.083,0.503,0.208,1.004,1.087
ID482,3,0.055,0,0.055,1.036,1.093
ID398,3,0.062,0,0.062,0.754,0.801
ID76,3,0.061,0.151,0.099,0.965,1.024
ID767,5,0.073,0,0.073,0.942,1.011
ID591,4,0.066,0.202,0.117,0.763,0.814
ID441,4,0.076,0,0.076,1.065,1.146
ID721,3,0.05,0.086,0.071,0.796,0.836
ID167,3,0.049,0,0.049,0.996,1.045
ID494,3,0.039,0.089,0.061,0.892,0.927
ID320,3,0,0.341,0.085,1.2,1.2
ID784,3,0.045,0.269,0.112,0.821,0.858
ID510,2,0,0,0,0.856,0.856
ID977,4,0.086,0.4,0.186,1.059,1.15
ID236,3,0.066,0.274,0.135,0.84,0.896
ID265,1,0,0,0,0.7,0.7
ID123,3,0.057,0.156,0.096,0.877,0.926
ID111,3,0.042,0,0.042,1.003,1.044
ID190,2,0,0,0,0.826,0.826
ID894,5,0.069,0.34,0.154,0.936,1.001
ID607,4,0.102,0.484,0.223,1.061,1.169
ID330,3,0.038,0.261,0.103,0.88,0.913
ID833,3,0.069,0.178,0.113,0.815,0.871
ID460,3,0.045,0.12,0.075,0.769,0.803
ID858,3,0.049,0,0.049,1.062,1.114
ID810,2,0.014,0,0.014,1.001,1.015
ID808,3,0.059,0.119,0.089,1.184,1.255
ID360,3,0.042,0.194,0.091,1.124,1.172
ID280,4,0.081,0,0.081,0.877,0.948
ID715,4,0.083,0.103,0.109,1.036,1.122
ID352,3,0.065,0.235,0.124,1.059,1.128
ID345,4,0.091,0.145,0.127,0.926,1.011
ID851,3,0.062,0.103,0.088,0.938,0.995
ID932,3,0.047,0.105,0.074,0.88,0.921
ID625,3,0.032,0.173,0.075,0.937,0.966
ID958,3,0.044,0.298,0.118,1.175,1.227
ID336,5,0.095,0.144,0.131,0.934,1.023
ID323,3,0.041,0,0.041,1.032,1.074
ID298,4,0.087,0.406,0.188,1.055,1.146
ID342,3,0.058,0.362,0.149,1.021,1.08
ID834,3,0.035,0,0.035,0.917,0.949
ID716,3,0.057,0.225,0.113,0.909,0.96
ID806,5,0.069,0.531,0.202,1.086,1.161
ID222,3,0.05,0.395,0.149,1.12,1.176
ID992,2,0,0.138,0.034,0.87,0.87
ID731,1,0,0,0,0.921,0.921
ID948,4,0.093,0.253,0.157,1.053,1.152
ID608,4,0.084,0.133,0.117,1.144,1.24
ID293,3,0.037,0,0.037,0.97,1.006
ID436,3,0.056,0.153,0.094,0.987,1.042
ID534,3,0.075,0,0.075,0.965,1.037
ID183,3,0.057,0,0.057,1.2,1.268
ID63,2,0,0,0,1.017,1.017
ID438,4,0.086,0,0.086,1.148,1.246
ID191,5,0.083,0.358,0.172,1.052,1.139
ID651,3,0,0.302,0.076,1.183,1.183
ID234,5,0.073,0.289,0.145,0.978,1.05
ID514,5,0.086,0.363,0.177,1.059,1.15
ID929,3,0,0.227,0.057,0.766,0.766
ID733,5,0.078,0.281,0.148,1.097,1.182
ID128,2,0,0,0,0.987,0.987
ID837,1,0,0,0,1.009,1.009
ID470,4,0.065,0.357,0.154,0.993,1.057
ID797,1,0,0,0,1.037,1.037
ID613,3,0,0,0,1.103,1.103
ID198,5,0.076,0.334,0.16,0.997,1.073
ID868,3,0.053,0.339,0.137,1.151,1.211
ID718,4,0.062,0.132,0.095,0.987,1.048
ID567,5,0.083,0.473,0.202,0.795,0.861
ID1000,3,0.057,0.263,0.123,0.897,0.948
ID386,3,0.044,0.18,0.089,0.964,1.006
ID186,3,0.057,0.184,0.103,1.009,1.067
ID7,5,0.081,0.1,0.106,0.969,1.048
ID853,1,0,0,0,0.88,0.88
ID217,3,0,0.383,0.096,0.984,0.984
ID771,2,0,0,0,1.004,1.004
ID639,3,0.042,0,0.042,0.917,0.955
ID262,2,0.02,0,0.02,1.045,1.066
ID522,3,0.044,0.225,0.1,0.966,1.009
ID271,3,0.05,0.091,0.072,1.104,1.159
ID741,2,0,0.062,0.016,1.168,1.168
ID793,3,0.051,0.244,0.112,0.895,0.941
ID232,5,0.081,0.752,0.269,1.065,1.151
ID683,3,0.051,0.205,0.102,1.162,1.221
ID609,3,0,0.234,0.059,0.954,0.954
ID772,3,0.045,0.238,0.105,1.015,1.061
ID393,1,0,0,0,1.163,1.163
ID663,1,0,0,0,0.905,0.905
ID58,5,0.082,0.105,0.108,1.018,1.101
ID24,5,0.077,0.305,0.153,1.075,1.157
ID993,3,0.06,0.134,0.093,0.875,0.927
ID139,3,0.045,0,0.045,0.903,0.944
ID999,5,0.08,0.1,0.105,0.963,1.04
ID580,1,0,0,0,1.129,1.129
ID815,4,0.089,0,0.089,1.108,1.207
ID540,3,0.051,0.139,0.086,1.2,1.261
ID437,3,0.047,0.202,0.098,0.936,0.98
ID605,3,0.039,0.318,0.119,1.061,1.103
ID940,3,0.044,0,0.044,0.943,0.984
ID947,3,0.05,0.207,0.101,1.2,1.26
ID739,3,0.059,0.246,0.121,0.889,0.942
ID880,3,0.059,0.153,0.097,1.127,1.194
ID388,4,0.078,0.232,0.136,1.05,1.132
ID693,5,0.097,0.448,0.209,0.9,0.987
ID573,3,0.048,0.339,0.132,0.862,0.903
ID828,4,0.058,0.222,0.114,1.06,1.121
ID678,3,0.049,0,0.049,1.021,1.07
ID341,5,0.085,0.367,0.177,1.009,1.095
ID983,4,0.089,0.64,0.249,1.056,1.15
ID218,3,0.041,0.292,0.114,0.983,1.024
ID486,3,0.04,0.059,0.054,1.147,1.193
ID508,3,0.044,0.219,0.099,0.941,0.982
ID935,3,0.043,0.196,0.092,0.96,1.001
ID495,4,0.08,0.421,0.185,1.046,1.129
ID41,3,0,0.246,0.062,1,1
ID555,3,0.054,0,0.054,0.783,0.825
ID652,2,0,0,0,1.113,1.113
ID637,3,0.069,0.255,0.133,1.041,1.114
ID319,3,0.038,0.043,0.049,1.2,1.246
ID10,1,0,0,0,1.155,1.155
ID88,3,0.069,0,0.069,0.887,0.948
ID888,4,0.077,0,0.077,1.104,1.189
ID172,5,0.095,0.355,0.184,0.748,0.819
ID193,3,0.062,0.039,0.072,0.9,0.956
ID596,4,0.081,0.497,0.205,1.005,1.087
ID792,2,0,0,0,0.977,0.977
ID322,5,0.089,0.43,0.197,1.037,1.13
ID325,3,0.026,0,0.026,0.972,0.998
ID440,3,0.055,0,0.055,0.864,0.911
ID147,3,0.054,0.202,0.104,1.163,1.226
ID545,3,0.058,0.105,0.084,0.988,1.045
ID595,3,0.039,0.182,0.085,1.125,1.169
ID427,3,0.047,0,0.047,0.987,1.034
ID361,4,0,0.282,0.07,1.105,1.105
ID327,3,0.038,0.233,0.097,1.107,1.149
ID988,2,0,0,0,0.954,0.954
ID844,3,0.069,0,0.069,0.933,0.997
ID134,3,0.059,0,0.059,0.83,0.879
ID823,4,0.086,0.281,0.157,0.955,1.038
ID141,4,0.087,0.357,0.176,1.168,1.269
ID751,3,0.052,0.345,0.138,0.864,0.909
ID368,4,0.081,0,0.081,0.973,1.052
ID112,4,0.075,0,0.075,0.934,1.004
ID503,1,0,0,0,0.764,0.764
ID157,3,0.055,0.058,0.069,0.816,0.861
ID37,4,0.081,0.254,0.144,1.2,1.297
ID255,4,0.087,0.361,0.177,0.961,1.045
ID921,1,0,0,0,0.86,0.86
ID61,2,0,0,0,1.112,1.112
ID870,5,0.086,0.368,0.178,0.985,1.07
ID399,3,0.048,0.164,0.089,1.189,1.246
ID968,1,0,0,0,1.027,1.027
ID215,3,0.045,0.246,0.107,1.048,1.095
ID179,3,0.051,0.119,0.081,1.001,1.052
ID154,1,0,0,0,1.059,1.059
ID872,3,0.042,0.187,0.089,1.07,1.115
ID960,3,0.052,0.14,0.087,0.788,0.828
ID660,1,0,0,0,1.094,1.094
ID43,5,0.068,0.42,0.173,1.02,1.089
ID261,4,0.067,0.235,0.126,1.014,1.082
ID897,3,0.045,0.35,0.132,0.832,0.87
ID617,3,0.049,0.252,0.113,1.084,1.138
ID445,3,0.033,0,0.033,1.097,1.133
ID46,1,0,0,0,1.08,1.08
ID370,2,0,0,0,0.892,0.892
ID74,5,0.059,0.343,0.145,1.064,1.127
ID57,3,0.053,0,0.053,0.894,0.941
ID811,1,0,0,0,1.028,1.028
ID995,4,0.064,0.312,0.141,0.849,0.902
ID390,4,0.078,0.28,0.148,0.914,0.985
ID749,3,0.025,0,0.025,0.831,0.852
ID469,4,0.074,0.234,0.133,1.045,1.123
ID532,3,0.062,0.298,0.136,1.03,1.093
ID314,4,0.071,0.285,0.143,1.102,1.18
ID173,4,0.073,0.1,0.098,0.887,0.951
ID552,3,0.061,0.403,0.162,0.907,0.962
ID694,4,0.07,0.488,0.192,0.842,0.901
ID871,5,0.093,0.214,0.146,0.945,1.032
ID448,4,0.096,0.379,0.191,0.969,1.062
ID720,3,0.042,0.195,0.091,0.934,0.973
ID122,3,0.056,0.399,0.156,0.716,0.8
ID294,3,0.046,0.149,0.083,0.989,1.034
ID48,4,0.065,0,0.065,1.051,1.12
ID504,3,0.055,0.158,0.095,0.947,0.999
ID363,5,0.05,0.1,0.075,1.171,1.23
ID454,4,0.083,0.288,0.155,0.979,1.06
ID417,3,0.038,0.186,0.085,1.006,1.044
ID140,3,0.04,0.19,0.087,0.744,0.8
ID824,3,0.055,0.141,0.09,1.155,1.219
ID518,2,0,0,0,1.197,1.197
ID23,3,0.039,0,0.039,1.039,1.08
ID744,2,0,0,0,0.881,0.881
ID589,3,0.049,0.373,0.142,0.872,0.914
ID114,3,0.072,0.224,0.128,0.946,1.015
ID529,3,0.052,0.273,0.12,0.836,0.879
ID548,4,0.068,0.36,0.158,1.019,1.088
ID820,5,0.084,0.103,0.109,1.137,1.232
ID542,2,0,0,0,0.985,0.985
ID499,1,0,0,0,0.951,0.951
ID951,3,0.038,0.359,0.128,1.086,1.128
ID978,3,0.055,0.19,0.102,0.825,0.87
ID273,2,0,0,0,1.06,1.06
ID177,3,0.057,0.156,0.097,0.959,1.014
ID905,5,0,0.2,0.05,1.132,1.132
ID826,2,0,0,0,0.811,0.811
ID621,3,0.042,0,0.042,0.951,0.991
ID69,1,0,0,0,0.987,0.987
ID161,4,0.077,0.1,0.102,1.058,1.139
ID142,3,0.057,0,0.057,1.089,1.151
ID169,3,0.049,0.251,0.112,1.036,1.087
ID748,3,0.054,0.125,0.085,0.885,0.933
ID185,3,0.045,0.109,0.072,1.065,1.113
ID406,2,0,0,0,1.052,1.052
ID634,3,0.031,0.189,0.078,1.161,1.196
ID630,4,0.068,0.245,0.129,1.065,1.137
ID423,3,0.049,0.386,0.145,1.003,1.052
ID158,5,0.071,0.438,0.181,0.997,1.068
ID195,4,0.093,0.567,0.235,0.805,0.879
ID150,4,0.08,0.406,0.181,1.169,1.262
ID260,3,0.058,0,0.058,0.859,0.91
ID611,4,0.071,0.211,0.124,1.067,1.143
ID149,2,0,0.074,0.018,0.93,0.93
ID969,4,0.082,0.558,0.221,0.873,0.944
ID855,3,0.039,0.111,0.067,1.004,1.043
ID956,5,0.083,0.616,0.237,0.989,1.071
ID356,3,0.05,0,0.05,0.906,0.952
ID926,3,0.047,0.212,0.1,1.099,1.15
ID51,3,0.053,0.142,0.088,0.867,0.913
ID962,4,0.08,0.197,0.13,0.979,1.058
ID126,4,0.066,0,0.066,0.885,0.943
ID447,3,0.049,0.231,0.107,1.013,1.063
ID49,3,0.045,0,0.045,0.872,0.911
ID237,4,0.086,0.39,0.184,0.952,1.033
ID615,4,0.08,0.31,0.157,1.013,1.094
ID524,3,0.049,0.076,0.068,1.2,1.258
ID285,4,0.071,0.236,0.13,0.872,0.934
ID163,4,0.088,0,0.088,0.95,1.033
ID707,3,0.033,0,0.033,0.998,1.031
ID302,3,0.052,0.058,0.066,0.959,1.008
ID641,2,0,0,0,1,1
ID476,4,0.081,0.1,0.106,1.086,1.174
ID530,4,0.06,0.569,0.202,0.918,0.973
ID785,5,0.079,0.171,0.121,1.107,1.194
ID565,4,0.08,0.404,0.181,1.096,1.184
ID743,4,0.067,0.209,0.119,0.921,0.982
ID396,3,0.038,0.278,0.107,1.101,1.143
ID726,3,0.072,0.19,0.119,1.061,1.137
ID919,2,0,0,0,1.149,1.149
ID535,2,0,0,0,0.706,0.706
ID130,5,0.09,0.262,0.156,1.039,1.133
ID256,2,0,0,0,1.094,1.094
ID754,3,0.046,0.107,0.072,0.877,0.917
ID102,4,0.085,0.347,0.172,0.874,0.948
ID775,3,0.062,0,0.062,1.12,1.189
ID856,4,0.05,0.176,0.094,0.993,1.043
ID303,5,0.087,0.312,0.165,1.077,1.171
ID547,3,0.06,0,0.06,0.953,1.01
ID959,4,0.05,0.268,0.117,1.047,1.1
ID922,1,0,0,0,0.945,0.945
ID966,4,0.08,0.307,0.157,0.848,0.916
ID344,4,0.08,0.244,0.141,0.884,0.955
ID155,5,0.084,0.217,0.138,1.176,1.275
ID432,2,0,0,0,0.853,0.853
ID908,2,0,0,0,0.967,0.967
ID97,3,0.04,0.239,0.099,1.023,1.064
ID668,3,0.074,0.303,0.149,0.952,1.023
ID878,4,0.096,0.284,0.167,1.036,1.135
ID560,4,0.085,0.427,0.192,1.111,1.205
ID854,3,0,0.266,0.066,1.13,1.13
ID449,5,0.074,0.394,0.173,0.717,0.8
ID523,1,0,0,0,1.126,1.126
ID208,4,0.076,0.196,0.125,0.814,0.876
ID30,2,0,0,0,0.854,0.854
ID459,4,0.084,0.312,0.162,0.816,0.884
ID606,3,0.055,0.38,0.15,0.941,0.992
ID747,3,0.045,0.241,0.106,1.2,1.254
ID409,3,0.044,0,0.044,1.127,1.177
ID376,3,0.048,0.148,0.085,1.006,1.054
ID283,4,0.074,0.314,0.153,1.13,1.214
ID778,4,0.096,0.298,0.171,0.972,1.065
ID453,2,0,0.091,0.023,0.979,0.979
ID194,3,0.055,0.122,0.086,0.949,1.002
ID701,2,0,0,0,0.914,0.914
ID353,1,0,0,0,1.004,1.004
ID257,3,0.049,0.241,0.109,0.857,0.899
ID997,5,0.071,0.538,0.205,0.977,1.047
ID791,3,0.039,0.283,0.11,0.865,0.899
ID581,2,0,0,0,0.912,0.912
ID835,4,0.06,0.395,0.159,1.074,1.139
ID47,2,0,0,0,0.756,0.756
ID576,3,0.024,0.165,0.065,1.095,1.122
ID296,3,0.051,0,0.051,1.012,1.064
ID380,4,0.063,0.435,0.172,0.975,1.036
ID965,1,0,0,0,0.866,0.866
ID842,3,0.038,0.156,0.077,0.919,0.954
ID592,3,0.049,0.246,0.111,1.025,1.075
ID35,3,0.051,0.139,0.086,0.93,0.978
ID809,3,0.065,0.291,0.138,0.925,0.985
ID893,5,0.076,0.378,0.171,0.851,0.916
ID272,3,0.048,0.277,0.117,0.702,0.8
ID358,3,0.049,0.011,0.052,0.984,1.032
ID709,3,0.058,0.325,0.14,1.082,1.145
ID728,2,0.001,0,0.001,1.2,1.201
ID70,3,0.041,0.195,0.089,1.086,1.13
ID934,3,0.046,0.12,0.076,1.028,1.076
ID244,3,0.05,0.124,0.081,0.927,0.974
ID558,3,0.046,0.103,0.072,0.751,0.8
ID603,4,0.076,0.216,0.13,1.125,1.211
ID889,4,0.087,0.44,0.197,0.934,1.015
ID105,3,0.07,0.181,0.115,1.15,1.23
ID465,3,0.048,0.043,0.059,0.812,0.851
ID777,4,0.091,0.349,0.179,0.94,1.026
ID211,4,0.08,0.288,0.152,0.941,1.016
ID240,3,0.074,0.194,0.123,0.899,0.965
ID546,4,0.073,0.18,0.118,0.863,0.926
ID238,3,0.066,0.17,0.108,1.033,1.101
ID685,3,0.052,0.065,0.068,0.961,1.011
ID882,4,0.064,0.235,0.122,0.958,1.019
ID849,3,0.05,0.158,0.089,1.014,1.064
ID587,3,0.055,0,0.055,1.047,1.104
ID219,3,0.048,0,0.048,1.04,1.09
ID781,3,0.066,0,0.066,1.128,1.202
ID250,3,0.041,0.067,0.057,0.862,0.897
ID13,3,0.06,0.314,0.139,0.867,0.919
ID42,3,0.039,0.227,0.096,0.967,1.005
ID297,3,0.069,0,0.069,0.954,1.02
ID266,2,0,0,0,1.042,1.042
ID108,3,0.045,0.346,0.131,0.792,0.827
ID430,3,0.047,0.307,0.124,0.943,0.987
ID335,3,0.048,0.076,0.067,0.966,1.012
ID160,3,0.049,0.226,0.106,0.991,1.04
ID73,3,0.056,0,0.056,0.822,0.868
ID3,3,0.06,0.24,0.12,1.002,1.061
ID519,2,0,0,0,0.95,0.95
ID308,3,0.041,0.344,0.128,1.177,1.226
ID66,2,0,0.04,0.01,0.938,0.938
ID689,3,0.063,0.135,0.096,0.836,0.888
ID365,2,0.005,0,0.005,1.046,1.051
ID456,2,0,0,0,1.008,1.008
ID675,4,0.097,0.541,0.232,1.062,1.166
ID684,3,0.04,0.214,0.093,0.819,0.852
ID451,4,0.08,0,0.08,0.974,1.052
ID680,4,0.08,0,0.08,0.863,0.932
ID722,3,0.05,0.261,0.116,0.856,0.899
ID904,2,0,0,0,1.1,1.1
ID939,4,0.085,0,0.085,1.178,1.279
ID407,4,0.091,0.231,0.149,0.94,1.026
ID90,3,0.074,0.207,0.125,1.05,1.127
ID556,3,0.07,0,0.07,1.003,1.074
ID979,3,0.05,0,0.05,0.802,0.842
ID71,2,0.017,0.195,0.066,1.04,1.058
ID466,3,0.041,0,0.041,0.946,0.985
ID927,4,0.07,0.357,0.159,0.835,0.894
ID690,3,0.045,0,0.045,0.931,0.973
ID795,3,0.059,0.305,0.136,1.168,1.237
ID654,1,0,0,0,1.104,1.104
ID898,3,0.047,0.307,0.124,1.133,1.187
ID783,3,0.047,0.15,0.084,0.776,0.812
ID891,3,0.041,0.091,0.064,0.875,0.911
ID843,4,0.08,0.319,0.159,1.086,1.172
ID1,2,0,0,0,1.048,1.048
ID818,2,0.016,0,0.016,0.833,0.846
ID292,2,0,0,0,1.002,1.002
ID698,2,0,0.076,0.019,1.023,1.023
ID165,2,0.004,0,0.004,1.155,1.16
ID974,5,0.065,0.289,0.138,0.99,1.054
ID374,2,0,0,0,0.803,0.803
ID782,3,0.047,0.274,0.115,1.004,1.051
ID411,3,0.028,0.252,0.091,1.093,1.123
ID989,3,0.066,0.249,0.128,0.91,0.97
ID700,5,0.072,0.1,0.097,1.154,1.238
ID392,2,0,0,0,1.08,1.08
ID349,2,0,0,0,0.904,0.904
ID635,5,0.097,0.662,0.263,0.759,0.833
ID12,3,0.07,0.259,0.134,0.898,0.961
ID146,3,0.06,0.227,0.117,1.016,1.077
ID513,4,0.073,0.414,0.177,1.2,1.288
ID803,2,0.021,0.117,0.05,0.796,0.813
ID143,1,0,0,0,0.999,0.999
ID382,3,0.056,0,0.056,0.703,0.8
ID746,3,0.047,0.244,0.108,0.886,0.928
ID318,3,0.049,0.175,0.093,1.129,1.184
ID740,3,0.043,0,0.043,1.175,1.225
ID207,3,0.059,0.144,0.095,1.152,1.221
ID225,3,0.047,0,0.047,0.878,0.92
ID850,4,0.084,0.41,0.187,1.02,1.106
ID276,3,0.049,0,0.049,0.816,0.856
ID952,4,0.08,0.2,0.13,1.088,1.174
ID9,2,0,0,0,0.82,0.82
ID727,3,0.068,0,0.068,0.847,0.904
ID248,3,0.047,0.188,0.094,1.08,1.13
ID933,4,0.087,0.231,0.144,1.017,1.105
ID420,2,0,0,0,0.881,0.881
ID655,1,0,0,0,0.7,0.7
ID925,3,0.063,0.194,0.112,1.082,1.15
ID107,3,0.058,0.329,0.14,0.992,1.05
ID526,5,0.065,0.296,0.139,0.986,1.05
ID736,4,0.078,0,0.078,0.853,0.919
ID31,2,0,0.183,0.046,1.2,1.2
ID497,3,0.042,0,0.042,0.973,1.014
ID332,3,0.075,0.227,0.132,1.1,1.182
ID699,3,0.049,0.205,0.1,1.043,1.094
ID541,3,0.058,0,0.058,1.054,1.115
ID379,4,0.09,0.512,0.218,0.851,0.927
ID424,3,0.033,0,0.033,1.069,1.103
ID201,3,0.062,0,0.062,0.887,0.942
ID235,3,0.052,0.192,0.1,0.904,0.95
ID359,2,0,0.12,0.03,1.2,1.2
ID691,4,0.083,0.306,0.16,0.74,0.802
ID19,2,0,0,0,0.997,0.997
ID18,4,0.078,0.382,0.174,1.028,1.109
ID646,3,0.041,0.173,0.084,1.132,1.178
ID766,4,0.088,0.286,0.159,1.068,1.161
ID289,3,0.037,0.25,0.1,1.132,1.174
ID661,4,0.096,0,0.096,0.996,1.091
ID212,3,0.061,0.185,0.107,0.836,0.887
ID525,4,0.076,0.386,0.172,1.2,1.291
ID488,3,0.05,0,0.05,1.002,1.053
ID269,5,0.09,0.1,0.115,0.865,0.942
ID181,3,0.039,0.284,0.111,1.111,1.155
ID822,3,0.07,0.101,0.095,1.102,1.178
ID259,2,0,0,0,1.061,1.061
ID144,4,0.065,0.39,0.163,0.794,0.846
ID676,4,0.054,0.541,0.189,1.107,1.167
ID696,3,0.067,0.421,0.172,0.991,1.058
ID599,3,0.047,0.277,0.116,0.951,0.995
ID101,4,0.05,0.128,0.082,1.031,1.082
ID464,4,0.089,0.432,0.197,1.032,1.124
ID865,4,0.083,0.1,0.108,0.845,0.915
ID230,4,0.068,0.181,0.113,1.039,1.11
ID132,4,0.09,0.314,0.169,1.199,1.3
ID333,2,0,0,0,1.012,1.012
ID401,3,0.055,0,0.055,1.09,1.149
ID938,3,0.051,0,0.051,0.7,0.8
ID461,4,0.068,0.281,0.138,0.95,1.015
ID798,2,0,0,0,0.988,0.988
ID903,1,0,0,0,1.126,1.126
ID769,4,0.066,0.424,0.172,0.986,1.052
ID98,5,0.069,0.38,0.164,1.13,1.209
ID554,3,0.051,0.26,0.116,1.003,1.055
ID628,1,0,0,0,1.062,1.062
ID274,3,0,0.015,0.004,0.847,0.847
ID626,3,0.041,0.045,0.052,0.964,1.004
ID425,3,0.058,0,0.058,1.2,1.269
ID103,3,0.051,0.128,0.083,0.866,0.91
ID415,1,0,0,0,0.756,0.756
ID986,4,0.087,0,0.087,0.894,0.972
ID909,3,0.032,0.34,0.117,1.2,1.238
ID679,3,0.044,0.376,0.138,1.164,1.215
ID81,3,0,0.166,0.042,0.948,0.948
ID89,3,0.059,0.027,0.066,0.79,0.837
ID614,1,0,0,0,0.942,0.942
ID516,1,0,0,0,0.897,0.897
ID287,3,0.061,0.134,0.094,0.935,0.992
ID435,4,0.083,0.1,0.108,0.831,0.9
ID805,3,0.04,0.157,0.079,1.198,1.246
ID901,4,0.092,0.39,0.19,1.172,1.28
ID439,2,0,0,0,0.937,0.937
ID579,4,0.084,0.135,0.118,1.103,1.196
ID601,3,0.043,0.442,0.154,0.955,0.996
ID384,5,0.068,0.529,0.2,1.007,1.076
ID618,2,0,0,0,1.082,1.082
ID457,5,0.086,0.199,0.136,1.127,1.225
ID290,2,0,0,0,1.189,1.189
ID537,3,0.046,0,0.046,1.06,1.109
ID226,3,0.056,0,0.056,0.958,1.012
ID93,3,0.063,0,0.063,0.913,0.971
ID11,3,0.048,0.261,0.113,1.106,1.159
ID56,3,0.054,0.095,0.078,0.909,0.958
ID527,5,0.084,0.45,0.197,0.793,0.86
ID264,3,0.041,0.234,0.1,1.048,1.091
ID79,3,0.064,0.25,0.127,1.134,1.207
ID216,2,0,0,0,1.104,1.104
ID450,1,0,0,0,1.096,1.096
ID471,3,0.041,0.169,0.083,1.2,1.249
ID799,3,0.035,0,0.035,1.05,1.086
ID863,3,0,0,0,0.934,0.934
ID575,4,0.079,0.11,0.107,1.168,1.26
ID753,2,0,0,0,1.079,1.079
ID687,3,0,0,0,1.052,1.052
ID703,5,0.066,0.1,0.091,0.934,0.995
ID734,3,0.059,0.19,0.106,1.023,1.082
ID971,5,0.086,0.25,0.148,1.035,1.124
ID892,3,0.042,0,0.042,0.946,0.985
ID512,3,0,0.229,0.057,1.2,1.2
ID570,3,0.05,0,0.05,0.978,1.028
ID263,3,0,0.14,0.035,1.013,1.013
ID551,3,0.048,0.088,0.07,1.2,1.258
ID830,4,0.069,0.1,0.094,0.919,0.982
ID67,3,0.05,0.308,0.127,0.931,0.978
ID270,3,0.054,0.178,0.098,1.026,1.081
ID53,3,0.044,0.021,0.049,0.894,0.933
ID300,5,0.088,0.255,0.152,1.036,1.127
ID723,3,0.04,0.227,0.097,0.903,0.939
ID463,3,0.042,0.152,0.08,0.858,0.894
ID85,5,0.072,0.315,0.15,1.022,1.096
ID907,3,0.058,0.137,0.093,1.059,1.121
ID426,3,0.059,0.267,0.126,0.862,0.913
ID474,3,0.06,0,0.06,0.986,1.046
ID346,3,0.033,0.285,0.104,1.064,1.1
